﻿<?xml version="1.0" encoding="UTF-8" standalone="yes"?>
<addon id="repository.cgiovanii.kodi" name="Cgiovanii repository" version="0.0.1" provider-name="cgiovanii">
	<extension point="xbmc.addon.repository" name="Cgiovanii Add-on Repository">
		<info compressed="false">http://raw.github.com/cgiovanii/cgiovanii-kodi-repo/master/addons.xml</info>
		<checksum>http://raw.github.com/cgiovanii/cgiovanii-kodi-repo/master/addons.xml.md5</checksum>
		<datadir zip="true">http://raw.github.com/cgiovanii/cgiovanii-kodi-repo/master/repo/</datadir>
	</extension>
	<extension point="xbmc.addon.metadata">
		<summary>Cgiovanii Repository Addons</summary>
		<description>Vários plugins para o kodi</description>
		<disclaimer></disclaimer>
		<platform>all</platform>
	</extension>
</addon>
